"","2001-07-01","2012-12-01","2017-04-01","2017-05-01","2017-06-01","2017-07-01","2017-08-01","2017-09-01","2017-11-01","2018-01-01","2018-02-01","2018-03-01","2018-04-01","2018-05-01","2018-06-01","2018-07-01","2018-08-01","2018-09-01","2018-10-01","2018-11-01","2018-12-01","2019-01-01","2019-02-01","2019-03-01","2019-04-01","2019-05-01","2019-06-01","2019-07-01","2019-08-01","2019-09-01","2019-10-01","2019-11-01","2019-12-01","2020-01-01","2020-02-01","2020-03-01","2020-04-01","2020-05-01","2020-06-01","2020-07-01","2020-08-01","2020-09-01","2020-10-01","2020-11-01","2020-12-01","2021-01-01","2021-02-01","2021-03-01","2021-04-01","2021-05-01","2021-06-01","2021-07-01","2021-08-01","2021-09-01","2021-10-01","2021-11-01","2021-12-01","2022-01-01","2022-02-01","2022-03-01","2022-04-01","2022-05-01","2022-06-01","2022-07-01","2022-08-01","2022-09-01","2022-10-01","2022-11-01","2022-12-01","2023-01-01","2023-02-01"
"Share (in %) on corpus","2.2346","0","1.2365","8.3608","0","0","8.6567","11.8357","0.3788","31.9149","2.3112","6.574","4.1192","6.8686","3.2911","10.0968","1.8751","3.3621","10.3095","13.2392","1.895","14.3755","7.3606","8.9142","10.3547","7.6976","6.52","9.751","10.0235","8.1341","9.906","8.7674","5.6091","8.3249","7.2203","7.571","3.2534","2.7189","3.6697","5.2854","4.4406","5.9927","3.3532","4.892","3.0675","3.3425","1.9786","2.3249","5.7374","6.9033","4.283","4.0996","6.0519","5.7133","4.0274","5.1289","7.0133","5.7252","7.7003","9.0342","8.794","8.9257","6.6884","6.5495","9.1286","14.0358","9.0744","6.6811","10.7498","5.9544","2.5114"
"1","bewertung",NA,"bildzeitung","countdown",NA,NA,"bild","schreiben","artikels","teilen","postillon","traditionshase","reiter","fans","screenshot","seite","screenshot","webseite","namen","gruenen","pfandflaschen","bild","seite","seite","plakate","plakat","antifa","bild","foto","seite","marinaleda","bild","nabil","foto","mimikama","archiviert","foto","bild","huzlers","wdr","foto","impressum","wdr","foto","tweet","harz","seite","foto","baerbock","baerbock","gruenen","baerbock","baerbock","baerbock","screenshot","gewinnspiel","gewinnspiel","lauterbach","gewinnspiel","angeblichen","gewinnspiel","screenshot","gewinnspiel","gewinnspiel","gewinnspiel","gefaelschte","seite","lauterbach","seite","plakat","anzugeben"
"2","erkennen",NA,"frank","gibt",NA,NA,"angeblich","wort","°c","beitraege","steht","osterhasen","gruenen","hofreiter","fischer","igor","andre","screenshot","seite","bild","bernburg","facebookseite","umfrage","faelschung","satire","foto","regener","foto","bild","loehrmann","foto","netto","hofreiter","archiviert","archiviert","foto","link","foto","foto","foto","satire","gewinnspiel","gewinnspiel","ihk","bild","foto","post","gruenen","lauterbach","gruenen","bild","aktion","neubauer","gruenen","tweet","facebookseite","lauterbach","gewinnspiel","seite","faelschung","impressum","gewinnspiel","impressum","lauterbach","foto","baerbock","gewinnspiel","gewinnspiel","unternehmen","seite","erst"
"3","handele",NA,"keller","satire",NA,NA,"angebliche","anfrage","µm","geteilt","aehnlichkeiten","osterhase","milka","satire","njemacka","kroatischen","seite","mag","hofreiter","wurde","enthaelt","fake","webseite","meldung","facebookseite","antifa","stadtwerke","facebook","wurde","foto","loewen","merz","foto","tesla","antifa","mimikama","google","archiviert","seite","seite","seite","gruenen","foto","express","foto","seite","aushang","bild","gruenen","annalena","hofreiter","annalena","tweet","foto","lauterbach","bild","seite","wdr","impressum","bild","seite","bild","angeblichen","angeblichen","impressum","lauterbach","faelschung","angeblichen","musk","offiziellen","immer"
"4","kommentierten",NA,"schickt","websites",NA,NA,"begriffe","angebracht","aachen","gibt","anerkannt","rossmann","facebook","ausstellung","poslovi","premuzic","facebookseite","seit","webseite","hofreiter","facebookseite","tweet","banknote","direktbanken","gruenen","keller","bild","handelt","seite","bild","webseite","lindt","mimikama","oma","foto","links","whatsapp","merz","buzz","angeblichen","screenshot","hofreiter","impressum","tweets","abbildung","vermeintlichen","plakat","schild","foto","witwenrente","grillverbot","bild","annalena","tweet","foto","foto","angeblichen","gmbh","screenshot","gewinnspiel","lauterbach","seite","seite","impressum","seite","plakat","foto","seite","angeblichen","faelschung","impressum"
"5","°c",NA,"steckt","facebook",NA,NA,"dafuer","aufruf","aan","grund","auftauchenden","ware","gewinnspiel","schumacher","tesla","webseite","verkauft","text","satire","plakat","gutschein","wurde","foto","ostertag","foto","handelt","steht","webseite","beitrag","gruenen","seite","seite","kellers","bild","adresse","milka","webseite","kontaktdaten","stammt","schreiben","ostertag","onlineshop","angeblichen","tweet","schilder","hofreiter","unternehmen","kinderinnen","annalena","hamburg","cocacola","foto","schild","merz","echt","herstellungsdatum","impressum","angeblichen","angeblichen","screenshot","angeblichen","faelschung","lauterbach","baerbock","angeblichen","faelschung","bild","musk","standort","foto","mai"
"6","µm",NA,"weitergabe","schon",NA,NA,"darauf","bau","aap","handelt","bare","seit","links","abonnenten","meldung","facebook","emailadresse","webseiten","wurde","namen","schild","foto","schon","verbraucherzentrale","handelt","gruenen","foto","hooligans","facebook","wurde","bild","mimikama","zgi","wdr","darauf","unternehmen","archiviert","laden","gespeicherten","faelschung","adresse","seite","lidl","screenshot","schild","allgaeuer","bild","hofreiter","screenshot","lse","anton","seite","plakat","lauterbach","karl","impressum","daten","impressum","echt","tweet","screenshot","foto","facebookseite","seite","lauterbach","seite","echt","impressum","impressum","gefaelschten","post"
"7","aachen",NA,"wissen","echte",NA,NA,"dazugehoerigen","blick","aargauer","helfen","beantwortet","facebook","unternehmen","anton","webseite","kroatische","profile","autounfall","bild","facebook","schwarzen","beitrag","nutzer","bild","faelschung","bild","gruenen","satzbau","internet","archiviert","angebliche","angeblichen","bild","facebook","gruenen","facebook","links","links","satire","screenshot","berlinerexpresscom","suesschencom","seite","koeln","unternehmen","zeitung","facebookseite","mobile","muenster","foto","foto","impressum","twitter","bild","entfuehrung","angebliche","screenshot","faelschung","facebookseite","angebliche","angebliche","impressum","gores","foto","daten","kampagne","facebookseite","foto","sms","angeblichen","stammen"
"8","aan",NA,"nrw","screenshot",NA,NA,"echtes","briefkopf","ab","jedoch","darauf","maerz","heisst","empoert","steht","post","focus","besuche","grund","november","urheber","nutzer","meldung","steht","seite","sehen","satireaktion","archiviert","archiviert","reker","mimikama","webseite","dawuhd","extinction","bild","aldi","nachrichten","google","focus","google","betreiber","foto","screenshot","angeblichen","screenshot","artikel","impressum","wort","bild","bild","fegebank","gruenen","faelschung","annalena","angeblichen","seite","echt","screenshot","unternehmen","lauterbach","daten","schick","mattel","facebookseite","echt","gewinnspiel","impressum","faelschung","volkswagen","bild","tweet"
"9","aap",NA,"°c","website",NA,NA,"entlarven","charakter","abalo","selben","dreist","empoerung","webseite","loewen","bild","deutsch","darauf","bild","tweet","screenshot","foto","mimikama","bild","artikel","april","wurde","verwendet","spahn","nutzungsbedingungen","luftballons","nutzer","kg","fridays","rebellion","adidas","post","betrueger","facebookpost","daten","finden","bitcoin","sharepic","webseite","neujahrsempfang","nutzer","aushang","zeitlosliebede","echt","karl","seite","baerbock","angeblichen","screenshot","angeblichen","gewinnspiel","post","facebook","angebliche","bild","foto","edeka","stammt","faelschung","sharepic","angebliche","gefaelscht","zeitung","offiziellen","facebookseite","gefaelschte","wort"
"10","aargauer",NA,"µm","heisst",NA,NA,"erkennt","ecke","abbag","spielplatz","entfernt","rewe","mondelez","njemacka","helene","hinweis","webseite","locken","screenshot","anton","beispiel","angebliche","abbinder","webseite","wurde","cdu","fotos","ostertag","aldi","fakten","facebook","links","loewin","umweltsau","abbildung","bild","bild","tweet","facebookbeitrag","offizielle","plakat","logo","bild","plakat","twitter","plakat","website","facebookseite","jauch","faelschung","ferrari","screenshot","angeblichen","gewinnspiel","gruenen","angeblichen","ueberschrift","ueberschrift","ntv","seite","tweets","angeblichen","gefaelscht","screenshot","facebookseite","bild","angebot","facebookseiten","basf","inhalte","wurde"
"11","ab",NA,"aachen","achtung",NA,NA,"erklaerte","einzelne","abbau","suche","fake","supermarktkette","werbung","poslovi","musk","danportalinfo","kommentar","neues","anton","express","post","netz","fake","handelt","bild","ska","muehlhausen","sms","plakat","unternehmen","links","geiss","archiviert","essen","tweet","kesselwagen","sollen","spahn","artikel","aldi","artikel","internet","namen","aushang","namen","stammt","internet","anton","deppen","kanzlerkandidatin","grillen","wohnmobil","aktion","faelschung","daten","archiviert","erstellt","seite","angebliche","stammt","post","angebliche","gefaelschten","facebook","seiten","foto","screenshot","gefaelschten","kampagne","stammt","laut"
"12","abalo",NA,"aan","angeblichen",NA,NA,"haeufig","erreicht","abbauen","zwei","fakenews","bezeichnung","website","textes","app","falschmeldung","angeblichen","seiten","nummern","kommentar","mehrere","artikel","newsspezial","ueberschrift","angebliche","facebookseite","vermeintlichen","uelzen","eigene","webseite","internet","gniffke","facebook","kleve","schreiben","kiel","artikel","bewertung","handelt","fake","schlagzeile","adresse","steht","faelschung","finden","bild","blauen","faelschung","stadtwerke","studiert","ostertag","aufkleber","nzz","rueddel","webseiten","daten","unternehmen","lauterbachs","daten","namen","facebookseite","erstellt","angebliche","erstellt","follower","gefaelschten","daten","fans","angebliche","screenshot","°c"
"13","abbag",NA,"aap","bestaetigt",NA,NA,"hamburg","erster","abbauprodukt","facebook","faqs","stunden","handelt","lesen","mal","impressum","seit","versuchen","link","berliner","dezember","immer","facebookseite","wer","bildartikels","zeigt","angeblichen","tweet","affen","milka","artikel","markendiscount","gruenen","konstanz","internet","tesla","seite","verbreitet","offensichtlich","adresse","wdr","aldi","plakat","handelt","adler","allgaeu","erstellen","faelschungen","baerbocks","angebliche","rezo","tweets","explosion","daten","tweets","lidl","facebookseite","bild","wdr","tweets","bild","musk","plakat","aufkleber","post","facebookseite","berliner","unternehmen","namen","tweet","µm"
"14","abbau",NA,"aargauer","bild",NA,NA,"hinsehen","facebookseite","abbild","tag","flach","wort","immer","beliebtheit","falschmeldung","kroatisch","presseanfrage","werbeeinnahmen","leaks","gehoeren","bild","sehen","geteilt","fake","connectiv","faelschung","bart","posts","finden","daten","angeblichen","preisschild","lesen","edeka","faelschung","seite","edeka","gefaelscht","netzwerken","nachricht","logo","plakate","tweet","empfang","spreadshirt","fotos","plakats","lauterbach","angeblichen","baerbocks","satire","mcdonalds","bild","facebookseite","account","unternehmen","wurde","handelt","enthaelt","echt","faelschung","stern","daten","faelschung","unternehmen","angebliche","vermeintlichen","elon","gefaelschte","gefaelscht","aachen"
"15","abbauen",NA,"ab","blick",NA,NA,"jahren","faelschung","abbilden","°c","folgende","wer","gibt","linken","schreibt","nationaltrainer","facebook","woechentliche","gruenen","foto","abgebildeten","seite","wer","ing","erst","artikel","zeigt","wurde","text","links","sozialen","foto","tweet","gruenen","seite","screenshot","gutschein","manipulierte","bild","offiziellen","stammt","simonleinende","adresse","facebook","aufschrift","fake","rechten","schokoladenhasen","kanzlerkandidatin","vordiplom","fake","weissen","text","karl","bild","webseite","angebliche","stand","warnen","ueberschrift","zeigt","gefaelscht","facebook","echt","bild","impressum","angeblichen","vermeintlichen","faelschung","facebookseite","aan"
"16","abbauprodukt",NA,"abalo","ebenso",NA,NA,"news","fehlt","abbildet","µm","genommen","angezeigt","aktion","screenshot","allerdings","zlatko","adidas","artikels","artikel","text","anschein","steht","beitrag","mimikama","ostertag","twitter","finden","angeblichen","seit","facebookseite","gibt","weihnachtsmann","future","future","plakat","beitrag","persoenliche","platine","artikels","facebook","steht","angeblichen","falschen","ueberschrift","echten","text","webseite","steht","beitrag","whatsapp","archiviert","archiviert","luisa","screenshot","artikel","artikel","penny","foto","lauterbach","finden","echt","angeblich","foto","follower","facebook","logo","plakat","enthaelt","fahrraeder","ardern","aap"
"17","abbild",NA,"abbag","eingerichtet",NA,NA,"rechtschreibfehler","flyer","abbildung","aachen","gezielt","gesucht","gewinnen","zwei","artikel","sozialen","auffaellig","jens","steht","meldung","aufgezeigt","express","schreiben","stellenanzeige","wer","mal","seite","artikel","fotos","ballons","beitrag","archiviert","for","markt","satire","abbildung","klick","wurde","facebooknutzer","hinweis","faelschung","profil","herber","spahn","fotos","anton","foto","vermeintlichen","lesen","angeblichen","lse","fotos","gruenen","endloesung","facebook","erkennen","stammt","daten","seiten","facebookseite","tweet","meldung","handelt","haken","erstellt","handelt","lidl","fotos","ford","instanzen","aargauer"
"18","abbilden",NA,"abbau","empoert",NA,NA,"seit","flyers","abbildungen","aan","grosses","joerg","hause","satz","beschreibung","immer","erwaehnten","datum","text","verbreitet","ausgabe","mosel","screenshot","kunden","facebook","webseite","wurde","bohldamm","zeigt","berlinerexpresscom","sehen","grenell","ende","edekawerbung","account","filialen","daten","satire","faktenchecker","plakate","bild","faelschung","daten","gruenen","sharepic","lauterbach","angebliche","facebook","nutzer","studium","aktion","faelschung","datum","tweets","sozialen","stammt","offiziellen","facebookseite","meldung","hofreiter","offiziellen","echten","gewinnspiele","rover","enthaelt","buecherhallen","persoenliche","nutzer","gewinnspiel","mastodon","ab"
"19","abbildet",NA,"abbauen","erfundener",NA,NA,"seite","gegeben","abbinder","aap","halbe","kampagne","international","facebook","elon","arnold","faz","titel","autofahren","firma","aussicht","dezember","veroeffentlichte","findet","muessen","post","autonome","kursiert","steht","fna","bitcoin","jahresendfigur","aushang","hinweis","impressum","kaufland","screenshot","nutzer","angebliche","rakers","aushang","bild","twitter","jens","post","rewe","link","lesen","daten","ostertag","vermeintlichen","gewinnspiel","facebook","plakat","twitter","kleinen","seiten","spende","post","impressum","aldi","facebook","ikea","vermeintlichen","kaufland","mcdonalds","finden","meldung","oettinger","satire","abalo"
"20","abbildung",NA,"abbauprodukt","ersten",NA,NA,"seiten","gespraeche","abbott","aargauer","hinweisen","reaktionen","korb","webseite","link","bohlen","handelsblatt","bloss","benzinpreis","bildes","ausstellung","facebook","gruenen","foto","hinweis","aufklaerung","bildmontage","sozialen","mimikama","grenell","kleinen","facebook","handelt","merz","wurde","klammrothberger","kettenbrief","warnung","nutzer","verwendet","bildde","webseite","aldi","lucas","kampagne","eingebettet","links","aufkleber","keller","fake","gefaelschten","angebliche","handelt","plakate","stammt","haekchen","foto","facebook","facebook","natalia","aushang","zeigt","seiten","angebliche","persoenliche","facebook","wurde","primark","bild","nutzer","abbag"
"21","abbildungen",NA,"abbild","facebookuser",NA,NA,"totaler","hetze","abbrechen","ab","kommentare","schweinefleisch","landet","heisst","prominenten","heidi","klickt","oh","beschwert","angeblich","austauschen","bereits","redaktion","sozialen","zeitung","bildmontage","dieselaggregat","wer","screenshot","haribo","shop","netz","koeln","aufschrift","tweets","onlineartikel","wer","gesundheitsminister","echtheit","pilz","irae","liebekleidung","baby","seite","mobiltelefonen","inhalte","elon","gefaelscht","mimikama","facebookseite","screenshot","wurde","nervenklinik","facebook","echtheit","lauterbach","steckt","steinmeier","unternehmens","angeblich","persoenliche","tweet","beitrag","seiten","putinsteuer","erstellt","stammt","satire","facebook","fake","abbau"
"22","abbinder",NA,"abbilden","faz",NA,NA,"vermeintlichen","hielten","abbrennen","abalo","laesst","steinhoefel","mal","deutsche","rechtschreibfehler","helene","kommentieren","gehoert","entfernung","forderung","balken","fotomontage","bilderrueckwaertssuche","faq","artikel","terrororganisation","generator","facebookseite","links","hofreiter","faktenchecker","unternehmen","kunden","webseite","gewinnspiel","plakat","tag","facebookseite","faelschung","bild","klickt","sued","rossmann","echt","schildern","logo","kundinnen","originalbild","text","diskussionspapier","tweet","kanzlerkandidatin","echt","beitrag","handelt","schildern","persoenliche","logo","dubiosen","karl","vermeintlichen","handelt","zeichen","stammt","sharepic","tonline","angebliche","facebookseite","elon","vermeintlichen","abbauen"
"23","abbott",NA,"abbildet","findet",NA,NA,"wissen","inzwischen","abbruch","abbag","muenze","weltfrauentag","marke","gibt","schumacher","kroatien","logo","artikel","erfreut","mimikama","befindet","darauf","artikel","fuehren","schon","wahlplakat","hofreiter","verwendet","unternehmen","ostertag","welke","daten","seite","links","spielplatz","bewertung","handelt","facebook","falschmeldung","presseagentur","verbreitet","tweet","satire","symbolfotos","stadtsprecher","facebook","musks","seite","nutzerinnen","tiny","aktie","menschenfleisch","foto","archiviert","wurde","warnen","finden","penny","offiziellen","wurde","facebook","facebookseiten","bernie","gefaelschten","redaktion","offiziellen","musk","echt","unternehmens","logo","abbauprodukt"
"24","abbrechen",NA,"abbildung","forderung",NA,NA,"fake","liess","abbrueche","abbau","nein","zaehlen","offiziellen","halle","simon","mesut","nachricht","abgestellt","namens","immer","beleidigende","artikels","sehen","geteilt","nutzer","seite","noack","fotos","hochgeladen","verbreitet","angeblich","ag","angeblichen","netz","suleman","fakten","nutzer","hinweis","lohnverzicht","webseite","tweet","presseagentur","sued","hinweis","zeigt","screenshots","onlineshop","nutzer","facebookseite","mimikama","annalena","echten","verbreitet","eauto","vermeintliche","hinweis","beitrag","webseite","angebot","facebook","karl","kaufland","gruenen","enthaelt","stammt","artikel","post","webseite","vermeintlichen","gewinnspiel","abbild"
"25","abbrennen",NA,"abbildungen","frei",NA,NA,"hannover","mehrere","abc","abbauen","offensichtlich","gibt","parteispenden","indiz","twitteraccount","postete","nahe","angeblicher","verbreitet","finden","bezeichnet","namen","beispiel","schon","steht","findet","onlineshops","adidas","lodhi","sharepic","archiviert","wagenheber","sollten","artikel","ug","facebookseite","belohnung","andre","saemtlicher","beitrag","nachtraeglich","vermeintlichen","fragen","darauf","sehen","darauf","sharepics","bildartikel","bewegungsdaten","partei","faelschung","angeboten","tweets","lidl","faelschung","echt","unternehmens","artikel","emailadresse","vermeintlichen","facebookseiten","vermeintlichen","sharepic","profil","decathlon","seiten","warnen","daten","siemens","server","abbilden"
"26","abbruch",NA,"abbinder","gegensatz",NA,NA,"mimikamaat","oezuguz","abdecken","abbauprodukt","parodie","hamburg","steinmeier","leaks","werbeeinnahmen","promis","oesterreichische","angezeigt","zeigte","stehen","buchstaben","gruenen","findet","zeitung","gibt","angebliche","ostertag","httpdpaqdekghq","hinweis","internet","name","bezeichnung","fotos","facebookseite","daten","faktenpruefer","fakeseite","originalbild","facebookseite","verbreitet","artikeln","homepage","offiziellen","finden","gefaelschten","nachricht","handelt","hannover","haltestelle","archiviert","faelschungen","facebookseite","vermeintlichen","postillon","hilton","ueberschrift","erkennen","sharepic","faelschung","follower","schilda","facebookseite","erstellt","wurde","ikea","verbreiten","vermeintliche","findet","angezeigt","post","abbildet"
"27","abbrueche",NA,"abbott","genauer",NA,NA,"verteilt","offenkundig","abdeckung","abbild","rechtschreibfehler","darauf","whatsapp","luxus","email","veroeffentlicht","radio","ausgerichtet","nutzer","facebookseite","datiert","abfotografierten","facebook","abbinder","adresse","verbreitet","skandaloese","kinderarmut","angeblichen","bewertung","fotos","beitrag","immer","logo","faktencheck","stammt","gefaelschte","umfrage","seit","netz","spiegel","vorhanden","sharepic","bild","gruenen","webseite","provider","firma","hunde","webseite","lauterbach","anbieter","kanzlerkandidatin","handelt","hofreiter","wurde","plakat","treffer","gewinnspielangeboten","erstellt","stammt","gefaelschten","link","offiziellen","plakate","echt","sehen","kaufland","daten","unternehmen","abbildung"
"28","abc",NA,"abbrechen","geschrieben",NA,NA,"bayern","offiziellen","abdruck","abbilden","rein","schlagzeile","gute","mimikama","veroeffentlichen","ersten","reichen","authentizitaet","haus","webseite","dient","angeblichen","ersten","anschein","angebrachten","googlebilderrueckwaertssuche","webseite","schweinefleisch","april","handelt","finden","fake","kursiert","besteht","facebook","angeblichen","geraete","smartphones","hunde","antifa","echt","handelt","weder","teilen","logo","lidl","erfundene","fotos","lauterbachs","sharepic","artikel","verwendet","lauterbach","echt","lauterbachs","entmuendigung","unserioes","dankbarkeit","persoenliche","villa","edekaseite","artikel","facebookseiten","oft","pommes","fake","verkauft","angebliche","konkurs","zeigt","abbildungen"
"29","abdecken",NA,"abbrennen","gewerblich",NA,NA,"°c","per","abdruecke","abbildet","satire","produkte","somit","nutzer","verlinkt","dalić","revision","bekannteste","ueberschrift","mal","eingibt","aushang","steht","fotomontage","aprilscherz","facebook","httpdpaqdeyzksj","nutzer","daten","brandenburg","facebookseite","namen","abschieben","angebliche","handelt","angegeben","internetseite","aktion","standort","fingierten","fake","dahlke","nutzer","januar","bmg","noz","urheber","mimikama","hinweis","economics","angebliche","nutzer","leverkusen","angebliche","angebliche","verpackung","kleinen","missbraeuchlich","serioes","text","foto","namen","mauriello","offizielle","serioes","angeblichen","meldung","handelt","logo","persoenliche","abbinder"
"30","abdeckung",NA,"abbruch","haken",NA,NA,"µm","rechtliche","abe","abbildung","weder","wenigen","umfrage","oezil","veroeffentlicht","nachrichten","spiegel","benutzt","dafuer","angebracht","faelschung","tesla","angebliche","gefaelschten","blick","bisher","correctiv","uwe","namen","faelschung","eigene","zeigt","heimaturlaub","for","webseite","petra","rewe","post","app","impressum","facebook","umfrage","wurde","schild","screenshots","redeverbot","tarneaud","fake","vermeintlichen","gewinnspiel","echte","findet","plakate","armin","heinsberg","erstellt","post","finden","foto","post","zeichen","gruenen","bild","annalena","namen","offizielle","website","facebook","onlineshop","unternehmens","abbott"
"31","abdruck",NA,"abbrueche","homepage",NA,NA,"aachen","schliesslich","abel","abbildungen","zahlreiche","artikels","gegeben","steht","nachricht","dieter","stammt","betrieben","facebook","autofahren","fall","zeichen","berichte","gezielt","briefkopf","laut","produkt","internet","inhalte","gewinnspiel","logo","handelt","link","erstellt","facebookseite","nachrichten","unternehmen","fakten","beitrag","stadtwappen","handelt","wahlplakat","handelt","versehen","design","screenshot","ausgabe","angeblich","seite","houses","klimaschutz","steht","wahlplakat","erkennen","verbreitet","schallenberg","wer","post","erstellt","zeigt","namen","erst","gefaelschte","karl","finden","gruenen","facebook","gefaelschte","rossmann","faelschungen","abbrechen"
"32","abdruecke",NA,"abc","impressum",NA,NA,"aan","schritte","abend","abbinder","ziel","grund","martin","facebookseite","finden","facebookseite","team","daten","twitter","beschwert","fassung","webseite","berichten","initiator","ce","darauf","links","prognosumfragen","artikel","gewinnspielen","profil","co","ostertag","friedrich","twitter","arbeitsverbot","zeigt","manipuliert","lesen","umfrage","angeblichen","fake","unternehmen","angebliche","name","ueberschrift","kunden","geteilt","erfunden","verbreitet","uhr","adresse","zuercher","handelskette","unserioes","logo","link","offiziellen","polizei","plakat","enthaelt","unternehmens","erkennt","bild","bestattungshaus","webseite","davor","seiten","tweet","wurde","abbrennen"
"33","abe",NA,"abdecken","kommentaren",NA,NA,"aap","sorgt","abendblatt","abbott","zufaellig","frank","bekannt","klicks","tweet","meldung","ueberall","deutschlands","veroeffentlichte","echt","filiale","verbreitet","blauen","kleineren","design","mai","beitrag","unternehmens","webseite","luftballonverbot","profit","veroeffentlichte","satire","finden","artikel","auffaelligkeiten","steht","mimikama","geprueft","fotos","kursiert","benzinpreis","asylabgabe","zeigt","oben","facebookbeitrag","echt","baeckerei","giegold","googlesuche","frei","harz","geschrieben","wer","archiviert","facebook","verwendet","flyer","tom","daten","dubiosen","kommentar","vermeintlichen","post","facebookseiten","strassenbeleuchtung","follower","hinweis","screenshot","webseite","abbruch"
"34","abel",NA,"abdeckung","kopiert",NA,NA,"aargauer","stand","abendlichen","abbrechen","zusammengelogen","erst","bereits","tweet","facebook","juli","unbekannten","dient","deutsche","ferrari","foren","geteilt","chan","mw","echt","autonome","rechten","internetseite","gefaelschtes","power","ranch","angebliche","vermeintlichen","post","twitteraccount","deutsch","ueberschriften","original","facebook","liefert","fna","screenshot","belohnung","link","hinweis","inzwischen","erlaubt","dieselaggregat","hofreiter","fotos","erfunden","angeblich","fehlt","rnd","vielen","handelt","warnen","warnen","genutzte","merz","echten","deichmann","werbung","jaguar","gefaelschten","vermeintlichen","kaufland","edeka","echt","unteren","abbrueche"
"35","abend",NA,"abdruck","kreditkarte",NA,NA,"ab","stimmung","abends","abbrennen","bedeutet","schon","aehnliches","autofahren","seite","screenshot","verbreitet","enthaelt","findet","fordern","gefaelscht","faelschung","daily","namen","express","bildes","stammt","offenbar","scherz","facebook","stockfoto","damals","wurde","wurde","links","eingeflogen","spende","handelt","mal","sued","geworben","forderung","internetadresse","fotos","handelt","nutzer","artikel","gefaelschten","layout","koeln","regelmaessig","facebook","facebookbeitrag","friedrich","forderung","nutzer","lesen","heidelberg","stammt","tz","serioes","elon","offizielle","handelt","gewinnspiele","fakeaccounts","serioes","gogh","adresse","genesius","abc"
"36","abendblatt",NA,"abdruecke","kursiert",NA,NA,"abalo","tippfehler","abendzeitung","abbruch","darum","artikel","all","sammeln","deutschland","berichtet","verdient","erhaelt","oktober","impressum","gekauft","echt","echt","newsspezial","faelschungen","design","facebook","post","frei","vermeintliches","netzwerken","originalbild","anton","werk","angeblichen","koelnerabendblattde","melden","meldung","online","faktenchecker","schriftzug","verlinkt","neuwied","steht","wurde","supermarkt","beitraegen","hummer","ostertag","nutzer","beitrag","you","fake","sharepic","facebookseite","dubiosen","polizei","stammt","text","handelt","unternehmens","profil","namen","daten","link","follower","erkennen","sievert","cell","impressum","abdecken"
"37","abendlichen",NA,"abe","kurzer",NA,NA,"abbag","verbreitete","aberkannt","abbrueche","eigentlich","heisst","anbietet","gruenen","aktion","artikel","vermeintliche","faelschungen","zeigt","kampagne","impressum","zeigen","erfundene","runde","fenster","logo","findet","facebookpost","facebookseite","koeln","handelt","offenbar","blauen","webseiten","betreiber","netz","aktion","beitrag","oft","angegeben","spahn","beitrag","postillon","vorbehalt","abgebildeten","zeigt","tweet","logo","teilte","handelt","wurde","tweet","chemiefabrik","antifa","seite","faelschung","buchstaben","karl","offizielle","erkennen","polizei","satirisch","angegeben","finden","postillon","hamburger","zeigt","bild","plakat","inhalt","abdeckung"
"38","abends",NA,"abel","lesen",NA,NA,"abbau","vermuten","aberle","abc","sprecherin","all","angeben","zeigt","allianz","kaum","vorgeben","geworben","beenden","originalbild","jeweiligen","vermeintliche","frueh","spielplatz","gesundheitsminister","offensichtlich","presseagentur","beitrag","facebookbeitrag","sozialen","sued","chefredakteur","instagram","sehen","httpdpaqdeyzksj","oft","echt","mai","angeblichen","handelt","wiesen","facebook","verbreitet","lesen","ecke","echt","exakt","ostertag","erkennen","stammt","stammt","burger","extinction","kanzlerkandidatin","echte","galapagosinseln","dubiosen","echt","oft","links","offizielle","daten","screenshot","logo","angebot","hinweis","handelt","artikel","salzgitter","facebook","abdruck"
"39","abendzeitung",NA,"abend","link",NA,NA,"abbauen","schon","abermals","abdecken","verbreiten","angelegenheit","angebliches","link","auftaucht","kopierte","wdr","jahrelangen","echt","penny","klicks","erkennen","grundschulen","stand","kopierte","originalbild","aehnlich","stammt","haeufig","stammt","urheber","faktenchecker","twitteraccount","aufkleber","originalfoto","aufschrift","verbreitet","twitter","augenscheinlich","stammt","mimikama","daten","mitarbeiter","stammt","faelschung","geprueft","aehnliche","beitrag","anzeigetafel","erfunden","website","facebookpost","kellermann","satire","schon","gewinnspielangeboten","emailadresse","dubiosen","logo","geprueft","unternehmen","twitter","weder","blauen","verkauft","schild","gefaelschte","unternehmens","satire","daten","abdruecke"
"40","aberkannt",NA,"abendblatt","macht",NA,NA,"abbauprodukt","bild","abes","abdeckung","berliner","aufgabe","artikeln","scheint","ausser","lahm","zweck","klickt","facebookgruppe","plakate","kommentaren","sieht","inhalte","stoesst","plakat","plakate","sozialen","links","informationen","finden","wurde","propagandaschau","zoo","brandenburg","vermerk","filiale","fuehrt","klar","datiert","mimikama","tweets","stammt","nachtraeglich","account","gefaelscht","vermeintliche","daten","seiten","meldung","faktenchecker","antifa","forderung","mimikama","werbekampagne","post","urheber","haekchen","tagesschaude","edeka","gefaelscht","warnen","finden","blauen","hinweis","erkennen","schreiben","forderung","sonstige","serioes","aktion","abe"
"41","aberle",NA,"abendlichen","namen",NA,NA,"abbild","kursierte","abfaelle","abdruck","echte","aufgegeben","beantworten","oesterreichische","autounfall","oezil","aehnlich","kopiert","facebookpost","porsche","kommentatoren","ueberschrift","internet","tier","postete","portraet","veroeffentlicht","hinweis","offenbar","artikel","google","nie","facebookpost","hofreiter","findet","fake","mimikama","seite","genutzte","fragen","gefaelschten","post","westdeutschen","twitter","gemeinschaftsstandards","verbreitet","firma","eauto","angebliche","zeigt","boehmermann","manipulation","motiv","stand","webseite","seiten","postadresse","unternehmens","facebookseiten","accounts","seiten","erschienen","follower","webseite","gefaelscht","angeblich","link","tweet","erstellt","steht","abel"
"42","abermals",NA,"abends","partei",NA,NA,"abbilden","vergangenen","abfaellt","abdruecke","bild","ausloeste","benannt","artikel","bekannten","offizielle","angegebenen","lesen","fotomontage","satire","likes","facebooknutzer","meldungen","tim","provokanten","quer","verbreitet","carola","schon","angeblichen","informationen","immer","hinweis","kaufpreis","linken","webseite","euro","angetroffen","gespeichert","bereits","gruenen","zeigt","schon","schussbefehl","haltestelle","seiten","screenshot","powerbank","offiziellen","echt","marktwert","fordern","rebellion","stammt","being","lasst","sonstige","enthaelt","gewerblich","fall","fitnessstudios","accounts","gesetz","zeigt","steuer","echten","unternehmen","verwendet","firmen","vermeintliche","abend"
"43","abes",NA,"abendzeitung","portraet",NA,NA,"abbildet","bautzen","abfall","abe","medien","bezeichnen","buchstaben","leser","bosnisch","schwarzenegger","berichterstattung","liefert","fuehrt","steht","nachrichtenseite","veroeffentlicht","obwohl","tipps","wahlplakate","raender","arbeite","fakten","oft","beitrag","facebookbeitrags","kommentar","meldung","manipulierte","fakten","wirkt","angebliche","anonymisierte","halten","datum","politikerzitate","fotos","beginnt","artikel","handys","unternehmens","netzwerken","artikel","darauf","bmg","onlineartikels","hinweis","satire","muessen","herstellungsdatum","bitte","faelschung","persoenliche","kontaktmoeglichkeiten","twitter","follower","erkennbar","kfc","ag","eigene","medien","findet","aktion","nutzer","echt","abendblatt"
"44","abfaelle",NA,"aberkannt","posts",NA,NA,"abbildung","foto","abflug","abel","obwohl","botschaft","discounter","beitrag","chaos","verbreiten","gepostet","mimikama","gewalttaeter","aehnliche","nachtraeglich","account","satire","twitteraccount","beitrag","satire","begrenzten","account","zeitung","medien","sharepic","google","facebookseite","motorrad","zeigt","steht","fall","aufkleber","mimikama","meldung","text","warnt","stammt","erkennen","plakate","falschmeldung","darauf","name","manipuliert","klickt","polkappen","finden","unternehmen","cdu","plakate","fotos","erkennt","erstellt","postadresse","pennyseite","verifikationsabzeichen","verifiziert","findet","blauem","angeblich","verlinkt","falschen","beitrag","warnt","echten","abendlichen"
"45","abfaellt",NA,"aberle","runde",NA,NA,"abbildungen","facebook","abfolge","abend","immer","danke","discounters","kursiert","csuchef","text","online","oesterreichischen","hinsehen","beispiel","nahverkehr","burg","scheint","vermeintlichen","automatisch","slogan","davor","angezeigt","kursiert","betreiber","wer","httpswwwfacebookcomphotophpfbidampsetatypetheater","faktenchecker","phishing","hannover","schriftzug","warnt","erfunden","satireartikel","produziert","veroeffentlicht","internetadresse","twitteraccount","screenshots","unternehmenssprecherin","mimikama","falschen","schilder","wort","nebenfach","prominenten","euro","iphone","wurde","telegramaccount","polizei","webseite","baerbock","verkauft","offiziellen","erkennen","hinweis","unternehmens","cocacola","offizielle","plakate","emailadresse","ueberschrift","davor","falschen","abends"
"46","abfall",NA,"abermals","schaden",NA,NA,"abbinder","°c","abfotografiert","abendblatt","personen","empoert","ebenso","medien","dementsprechend","deutschland","zeitpunkt","onlineshop","impressum","oft","nie","forderung","uebernehmen","whatsapp","jahren","suche","firma","gewinnspiel","gibt","adresse","hinweis","bewertung","httpswwwfacebookcomphotophpfbidampsetatypetheater","plakate","hinweis","tweets","falschmeldung","facebookaccount","telefonnummer","alt","faktenchecker","kontaktdaten","spahn","verbreitet","internet","post","abgebildet","wurde","wurde","politikwissenschaft","vordiplom","stand","schriftart","forderung","verpackung","abalo","blauem","hinweis","wurde","seiten","account","echt","enthaelt","gewinnspiele","erkennbar","netzwerken","gewinnen","logo","handelt","accounts","abendzeitung"
"47","abflug",NA,"abes","sitz",NA,NA,"abbott","µm","abfotografierte","abendlichen","facebook","entsprechend","einfach","neben","details","mannschaft","cdu","redaktionsleiter","luxus","bildersuche","originalbild","osnabruecker","unten","wurde","schlagzeile","verfaelscht","hinweis","steht","angegeben","anton","grossen","fakten","zdf","spruch","sozialen","httpswwwfacebookcomphotophpfbidampsetatypetheater","warnung","festivals","uwe","aushang","anfrage","plakat","logo","anal","beitrag","blick","aktion","mai","verbreitet","voelkerrechtlerin","vermeintliche","post","erkennen","seite","verpackungen","gewinnen","gewerblich","google","fall","screenshots","erstellt","netz","offiziellen","nachtraeglich","tagesschau","aufruf","gewinnspielangeboten","verkauft","anzeige","angelo","aberkannt"
"48","abfolge",NA,"abfaelle","stehen",NA,NA,"abbrechen","aachen","abfotografierten","abends","zeigt","erfaehrt","erscheint","gezeigt","deutsch","namen","eigene","rief","meldung","fake","pruefen","plakat","wert","bereits","uwe","vermeintliche","hinweisen","text","express","chemtrailzusatz","namen","nutzer","stammt","verdient","steht","verbreitet","facebookseite","friedrich","finden","bsi","uwe","reiter","frei","gefaelscht","kursieren","sehen","ballons","inhaber","autokorso","waehlen","findet","daten","angeblich","bundestagswahl","faellt","handelskette","gewinnspielangeboten","wurde","ueberschrift","artikels","future","hamburger","unternehmen","tweet","offiziellen","enthaelt","gewinnspiele","schreiben","facebookseiten","edeka","aberle"
"49","abfotografiert",NA,"abfaellt","uebrigens",NA,NA,"abbrennen","aan","abfotografierter","abendzeitung","beitrag","erkennen","facebookaccount","angeblich","ebenso","tag","gleich","rot","offenbar","kursiert","rechnerisch","satire","wort","jemand","echtheit","verwendete","httpdpaqdekghq","unternehmen","faelschung","doppelmoral","steht","echt","schreiben","verkauft","nutzer","artikel","artikels","gefaelschte","bezeichnung","drogeriekette","schreiben","wirbt","kommentiert","gefaelschtes","lueften","bildzeitung","ernst","offenbar","ccc","meldung","googlesuche","medien","aufschrift","partei","meldung","oklahoma","kontaktmoeglichkeiten","seiten","facebookpost","verbreitet","nutzer","offenbar","echtheit","fake","echten","stammt","polizei","bilderrueckwaertssuche","saarlouis","gefaelschter","abermals"
"50","abfotografierte",NA,"abfall","verbreitung",NA,NA,"abbruch","aap","abfrage","aberkannt","news","erreicht","fake","foto","erfunden","philipp","konto","schlagzeile","reale","spiegel","rewe","schweinefleisch","zuerst","redaktion","nachricht","wahlplakats","produkte","bewertung","persoenlichen","eur","jedoch","inhalt","wer","sozialen","bewertung","mitarbeiter","finden","hashtag","angibt","echtheit","offizielle","wer","veroeffentlicht","satire","schriftzug","erkelenz","fake","gegeben","faelschung","facebook","facebook","teilen","kommentar","fotos","stamme","persoenliche","url","zeigt","hinweis","hotel","blauem","beitrag","adresse","unserioes","emailadresse","vermeintliche","einzige","erstellt","offenbar","osnabrueck","abes"
"51","abfotografierten",NA,"abflug","weder",NA,NA,"abbrueche","aargauer","abfragen","aberle","sollen","facebooknutzerin","falsches","verschiedenen","fakenews","handelt","orientiert","schumacher","tritt","ueberschrift","roten","post","angeblichen","setzte","aktuell","bundestagswahl","raus","aktion","rubrik","fotomontage","neue","late","geprueft","netzwerken","presseagentur","presseagentur","beitraege","jastimmen","inhalt","gewinnspiel","finden","angegeben","ueberschrift","logo","rand","leser","falls","text","schild","firma","geburtstag","meldung","nachtraeglich","logo","netzwerken","unserioes","weiterzugeben","erschienen","gesetz","erkennt","emailadresse","gefaelschte","babylon","persoenliche","frites","namen","chips","kommentieren","verkauft","handelt","abfaelle"
"52","abfotografierter",NA,"abfolge","weitere",NA,NA,"abc","ab","abgabe","abermals","°c","facebookseite","finger","artikels","folgen","for","aehneln","story","url","geteilt","satire","veroeffentlichte","faktenchecker","angeblichen","erkennen","offiziellen","relevant","entsorgt","schild","gmbh","daten","narrativ","fakten","namen","kursiert","neben","angeblichen","kloeckners","smartphones","juristisch","hinweis","twitter","sehen","hamburg","seiten","leserinnen","handelsregisternummer","einfach","werbekampagne","master","nachtraeglich","handelt","artikel","vermeintliche","geschrieben","weissen","zeichen","artikels","vermeintliche","steht","gewerblich","links","bee","gesundheitsminister","verbraucherzentrale","stand","warnt","kommentiert","finden","twitter","abfaellt"
"53","abfrage",NA,"abfotografiert","eingesetzt",NA,NA,"abdecken","abalo","abgaben","abes","µm","fake","firma","darauf","fordern","laut","schreiben","twitteraccounts","vergewaltigte","twitter","schau","echtheit","ausnahme","klimaschutz","screenshot","organisation","satire","twitter","urheber","hybridauto","echt","night","text","verwendet","finden","meldung","netz","manipulation","aufruf","rossmann","wurde","namen","erkennen","unternehmens","angeblichen","volkswagen","kuenstlerin","neues","sharepic","spahn","facebookseite","anstelle","account","erwin","joerg","weiterzugeben","genutzte","verbreitet","wer","gefaelschten","gewinnspielangeboten","webseite","bookingcom","weissen","werbung","disinfo","lesen","mastodon","nachricht","schilder","abfall"
"54","abfragen",NA,"abfotografierte","teilte",NA,NA,"abdeckung","abbag","abgeaendert","abfaelle","aachen","fan","gefaelschten","seite","fussballspieler","geht","gefaelschten","unten","zaehlt","nutzer","schlechtem","dahinter","facebookseiten","suche","webseite","netz","scherz","mimikama","veroeffentlichen","loewin","echten","originalfoto","nutzer","banner","darum","nachricht","angezeigt","mobilen","chaos","tierhaltung","fakten","august","aushang","mimikama","begriffe","handelt","lead","meldung","grund","lebenslauf","seite","asylabgabe","nieder","fiat","beitrag","enthaelt","vermeintliche","braunschweig","baerbock","falschen","davor","frei","emailadresse","manipuliert","immer","gewinnspiele","unternehmens","stadtwerke","netz","medien","abflug"
"55","abgabe",NA,"abfotografierten","umlauf",NA,NA,"abdruck","abbau","abgebaut","abfaellt","aan","faz","gespeichert","text","glaubwuerdig","finden","gefordert","unterscheidet","speicherung","antwortete","schriftzug","kursierte","stoesst","webseiten","offizielle","gut","schlechten","banner","wer","webseiten","facebookprofil","produkt","blauem","text","deren","sollen","archivierte","motiv","faellt","verkehrsschilder","stand","sichert","eingefuegt","echten","accounts","artikels","liebe","hinweis","zeigt","gefaelschte","text","benjamin","renner","impressum","fake","finden","serioes","buhrow","blauem","darauf","sonstige","unternehmen","haken","unternehmens","oft","lab","fotos","post","findet","kelly","abfolge"
"56","abgaben",NA,"abfotografierter","anfrage",NA,NA,"abdruecke","abbauen","abgeben","abfall","aap","gmbh","gewinnchance","immer","heraus","website","suchen","wussten","unseren","autos","schwarzer","liebe","webseiten","zeigt","angeblichen","instagram","stunden","lautet","verwendet","lassen","fake","umbenannt","doppelmoral","twitter","nie","tweet","bsi","reagierte","namen","sprecherin","bekannt","lauterbach","filiale","impressum","versehen","fuehrt","luftballons","verkauft","brandenburg","wurde","gruene","gefaelschte","schoeneiche","kloeckners","links","offenbar","erschienen","eintracht","buhrow","lauterbachs","gewinnen","wurde","plakate","schreiben","abgebildet","daten","logo","erfunden","webseite","nutzerinnen","abfotografiert"
"57","abgeaendert",NA,"abfrage","male",NA,NA,"abe","abbauprodukt","abgebildet","abflug","aargauer","heraus","gewinnspiele","mai","hiermit","mehr","artikel","zurueckgreifen","nachricht","darauf","suchmaschine","hinweis","sucht","gebuehr","mal","facebooknutzer","uwe","sharepic","verbreitet","steht","gmbh","verwendet","freizeit","wort","verbreitet","fotos","express","server","wurde","muessen","fall","stand","gewinnspiele","accounts","lesen","link","ny","modell","hannover","finden","weder","gmbh","twitteraccount","oldtimer","soziale","vermeintlichen","links","gewinnspielangeboten","eingerichtet","layout","baerbock","baerbock","schwarzenegger","sehen","unternehmens","echtheit","artikels","suche","verbreitet","netz","abfotografierte"
"58","abgebaut",NA,"abfragen","erfunden",NA,NA,"abel","abbild","abgebildete","abfolge","ab","hingegen","impressum","absaetzen","hotel","beitraege","bild","faktencheck","angebliche","deutsche","supermarktkette","meldung","collage","konto","schreibt","deutschland","warnten","organisation","redaktion","bau","googlebilderrueckwaertssuche","online","gemacht","polnisch","verschiedenen","angebot","faelschung","speicherung","offenbar","angeblich","ueberschrift","offizielle","gewinnspiels","fake","unteren","persoenliche","optisch","immer","schon","bundestagswahl","handelt","kommentare","uhrzeit","sonstige","gruene","emailadresse","verkauft","pennyseite","follower","mobile","angebot","gewinnspiele","sonstige","nutzer","handelt","annalena","nutzerinnen","karl","wurde","finden","abfotografierten"
"59","abgeben",NA,"abgabe","linken",NA,NA,"abend","abbilden","abgebildeten","abfotografiert","abalo","hinweis","internet","acht","interner","bereich","fotos","folgen","angeblich","gibt","trinken","kunden","datiert","internet","fall","zeitung","wochen","kapitaenin","fakten","nutzern","link","faelschung","herein","preis","erst","gefaelschte","gewinnspiel","telefonnummer","text","hinweise","bildzeitung","euro","klickt","textes","link","redaktion","pavel","nie","erhalten","steht","echt","kopiert","westdeutschen","triells","internet","erkennt","anerkannt","satire","haekchen","penny","fridays","lokoschat","unserioes","angebot","weist","zeitung","verbreitet","stammt","broadcast","erstellt","abfotografierter"
"60","abgebildet",NA,"abgaben","eigentlich",NA,NA,"abendblatt","abbildet","abgebrochen","abfotografierte","abbag","idee","klicks","angegeben","investieren","emailadresse","erfunden","offizielle","bildes","schrieb","uebrigens","handelt","hashtag","kostet","facebookpost","rechts","satirisch","geteilt","offiziell","collage","nachricht","vermeintliche","kisten","fridays","falschem","gefaelschten","informationstechnik","twitteraccount","logo","webseiten","geloeschte","weist","noack","geburtstag","googlesuche","onlineartikel","pedophile","sharepic","faktenchecks","vermeintlich","nutzer","kunde","stand","nutzer","offiziellen","sonstige","weissen","unserioes","missbraeuchlich","unternehmens","gefaelschten","satireseite","unserioesen","angebracht","erkennt","nutzerinnen","dubiosen","angegeben","burgstaller","seiten","abfrage"
"61","abgebildete",NA,"abgeaendert","laut",NA,NA,"abendlichen","abbildung","abgedeckt","abfotografierten","abbau","impressum","klickt","aufgeloest","kommentieren","experiment","experiment","seite","blog","bereits","verantwortliche","twitter","namen","berichteten","finden","hinweis","wahlrecht","weissen","aufschrift","findet","passen","firma","montiert","inhalt","gutschein","gewinnen","installieren","anlass","mcdonalds","facebookseite","glaubhaft","hingegen","deren","feier","erkennen","osnabruecker","plakate","finden","suche","unternehmen","internetseite","neuseeland","hinweis","unternehmen","vermeintlichen","links","gesetz","polizei","unserioes","walmart","weissen","titelbild","weiterzugeben","baerbocks","presseagentur","suche","elon","finden","persoenliche","warnen","abfragen"
"62","abgebildeten",NA,"abgebaut","hamburg",NA,NA,"abends","abbildungen","abgedruckt","abfotografierter","abbauen","karl","kommentar","aufgeschrieben","korrekturen","fake","bilder","uwe","banner","chemtrailzusatz","verschenken","verschiedenen","ntv","netz","zeigt","namen","kommentare","damals","manipuliert","text","pedophile","logo","niddaer","wer","neues","gewinnspielen","manipuliert","daneben","davor","fakten","illustration","archiviert","zweite","betreiber","verbot","fehlt","schild","bewertung","facebook","buendnis","zudem","ostertag","inhalt","fall","kursiert","november","facebookseiten","erkennen","verbraucherschuetzer","unternehmen","gibt","zeitung","post","datum","davor","rand","lauterbach","twitter","synco","berliner","abgabe"
"63","abgebrochen",NA,"abgeben","news",NA,NA,"abendzeitung","abbinder","abgefangen","abfrage","abbauprodukt","kasse","konkret","aufmerksamkeit","kroatisch","fan","carlos","wochen","halle","datum","versuchen","wort","news","jedoch","immer","stammt","schade","abendblatt","bilderrueckwaertssuche","sehen","warnmeldung","manipuliert","rednerin","mitarbeiter","phishing","gruenen","nachtraeglich","ersetzt","datum","aufgetaucht","jens","betreiber","rufen","beitrag","echt","faelschung","serioese","tweet","stichworten","dementieren","google","plakaten","zeitung","twitter","stand","steckt","jauch","archiviert","vollstaendiges","enthaelt","edekalogo","immer","webseite","facebookseiten","artikel","sehen","mueller","dubiosen","angegeben","angeblich","abgaben"
"64","abgedeckt",NA,"abgebildet","aktuell",NA,NA,"aberkannt","abbott","abgefeuert","abfragen","abbild","klicks","logo","aushangs","kuendigt","fussballspielers","erschienen","app","dringend","foederation","werbeeinnahmen","grund","bilder","unternehmen","kommentaren","fotos","muesse","adresse","lesen","lesen","werbung","googlesuche","samt","acker","schilder","kommentare","oeffnet","iphone","dpa","klimaschutz","kampagne","betruegerische","umfrage","mal","presseagentur","meldung","shops","schreiben","anton","forderung","angezeigt","juli","angebliche","vermeintlichen","accounts","text","mirco","davor","weiterzugeben","archiviert","followerinnen","enthaelt","finden","faelschungen","steht","finden","sonstige","emailadresse","angeblich","gibt","abgeaendert"
"65","abgedruckt",NA,"abgebildete","artikel",NA,NA,"aberle","abbrechen","abgefilmten","abgabe","abbilden","kunde","mcdonalds","autoindustrie","loeschung","fussballverband","obwohl","finden","stelle","gefordert","willkommen","ausserdem","netz","teilen","ebenfalls","facebookpost","webseiten","aktionen","nutzer","immer","bewertung","focus","schlechter","bauernverband","screenshots","marge","plakat","ueberprueft","webseite","logo","onlineartikel","energy","joerg","zeitung","oft","schild","stories","namens","anzeige","teilte","aufgehaengt","angegeben","nutzer","zaehlen","adresse","wer","missbraeuchlich","suche","fehlt","cnn","gewinnspiele","nutzerinnen","davor","gewerblich","wurde","akteure","angeblich","follower","per","kursiert","abgebaut"
"66","abgefangen",NA,"abgebildeten","°c",NA,NA,"abermals","abbrennen","abgefiltert","abgaben","abbildet","leider","melden","autos","mitarbeiter","gehoert","grossen","fragen","bedeutet","gehofft","zaehlen","zeitung","weitere","teilte","darauf","person","fakten","faelschung","nutzern","seiten","presseagentur","hinzugefuegt","titelbild","coordinator","spielplatzfragende","stellenanzeige","plakats","supermarkt","kursieren","inhalt","werbung","gefaelscht","jens","internet","stammt","warnung","umsatzsteueridentifikationsnummer","presseagentur","guenther","namen","behinderung","sitz","wirklich","finden","anton","davor","rubrik","offizielle","verwendet","heisst","haekchen","offensichtlich","dokuments","gewinnspielen","stand","bibliotheken","offiziellen","geschenktueten","offiziellen","echte","abgeben"
"67","abgefeuert",NA,"abgebrochen","µm",NA,NA,"abes","abbruch","abgefragt","abgeaendert","abbildung","leser","messengerdienst","beitraege","moritz","gespielt","facebookpost","erstellt","erschien","geloescht","facebookseiten","tag","bekannt","immer","bereits","correctiv","aufschrift","geraet","plattform","wer","suche","hinweis","wirbt","entfuehrung","wdr","umlauf","saengers","flyer","facebookbeitrags","erfunden","zdf","gesetzlich","warnt","post","findet","einfach","wem","netz","handydaten","sozialen","entziehen","dient","facebookseite","laden","externen","internetseite","seitentransparenz","umfrage","sharepic","anton","kaufland","logo","steckt","postadresse","about","plakaten","gesetz","kontaktmoeglichkeiten","lesen","name","abgebildet"
"68","abgefilmten",NA,"abgedeckt","aachen",NA,NA,"abfaelle","abbrueche","abgefuehrt","abgebaut","abbildungen","liebe","mimikama","benzinpreises","muehlhausen","googelt","mal","hiess","deutschen","gemein","posts","januar","hingegen","facebookpost","abendblatt","beitrag","echt","klimaaktivisten","bildes","verbot","aufruf","website","steht","gefaelschten","website","verantwortliche","sozialer","darauf","bekannt","wer","seiten","kehrt","echt","website","englisch","existiert","witz","maerz","hauptbahnhof","deutschland","fraktionsvorsitzende","deuten","wurde","hinweis","haken","eigene","handelt","steckt","vermeintlichen","aufkleber","missbraeuchlich","twitterbeitrag","nutzerinnen","rossmann","dubiosen","erkennen","eigene","postillon","sollen","offizielle","abgebildete"
"69","abgefiltert",NA,"abgedruckt","aan",NA,NA,"abfaellt","abc","abgegeben","abgeben","abbinder","lindt","naemlich","beschlusses","mueller","got","news","informationen","handelt","geschaeftsstelle","webseiten","adresse","mehrere","bildmontage","aktion","bereits","erkennen","nummer","name","gruene","nutzern","erfunden","news","gewinnen","name","volkswagen","taeuschend","gepostet","fotos","website","regelmaessig","konstanz","rundfunks","links","main","markt","sollen","anheben","nachricht","namens","jan","kommentar","erst","internet","humor","verkauft","davor","gesetz","gefaelschten","haekchen","oebb","verbreitet","wer","fall","genutzte","hamburg","geprueft","tiny","oil","links","abgebildeten"
"70","abgefragt",NA,"abgefangen","aap",NA,NA,"abfall","abdecken","abgegebene","abgebildet","abbott","loest","nutzerdaten","bezahlbar","ntv","klickt","warnt","zdf","ausserdem","lassen","bestimmt","aufschrift","jahren","twitter","alternative","steht","haeufig","offizielle","versionen","angebliche","aufgefordert","faellt","geteilt","ingenieure","urspruenglich","mal","teaser","muster","correctiv","ueberschrift","bundespraesident","monster","app","berliner","netz","offiziellen","verbreitete","aufgehaengt","spielplatz","bezeichnen","kampagne","text","stammt","polizei","identisch","manipuliert","zeigt","nummer","sonstige","fuehrt","unserioes","seiten","google","findet","gewinnspielangeboten","verwendet","accounts","stand","warnen","hinweis","abgebrochen"
"71","abgefuehrt",NA,"abgefeuert","aargauer",NA,NA,"abflug","abdeckung","abgegebenen","abgebildete","abbrechen","manchmal","potenziell","bildersuche","qualitaetsstandards","kopiert","sowie","buettner","nachrichten","link","eigene","bedienen","deutsche","posting","angebliches","zudem","original","paar","bewertung","tweet","redaktion","vermeintlichen","warnung","kampagne","persoenliche","handelt","technisch","jens","geteilt","genommen","inhalte","onlineshops","erstes","faktenchecker","textes","schon","preis","electric","steht","drogeriekette","masterabschluss","suche","fotos","teilen","identischen","aufschrift","dahinter","verwendet","fake","erfunden","vollstaendiges","erkennen","angebot","unternehmen","kontaktmoeglichkeiten","unternehmen","webseite","vermeintliche","zeigt","angebliche","abgedeckt"
"72","abgegeben",NA,"abgefilmten","ab",NA,NA,"abfolge","abdruck","abgeglichen","abgebildeten","abbrennen","markt","rein","billig","regel","krankenpfleger","sowohl","facebook","geteilt","luxus","anerkannt","beitraege","zeitung","medien","angebracht","geteilt","entziehen","pfandflaschen","klar","mimikama","unternehmen","kursiert","eigene","operations","wort","stand","texte","uhr","namens","homepage","rot","schriftart","offizielle","wurde","verwendet","angebliche","serioesen","erfreut","verwendet","gefaelscht","mathias","gruene","finden","namen","impressum","bildartikel","bild","twitteraccount","davor","bereits","weiterzugeben","account","barbie","erst","postadresse","findet","lassen","gefaelscht","unbekannten","emailadresse","abgedruckt"
"73","abgegebene",NA,"abgefiltert","abalo",NA,NA,"abfotografiert","abdruecke","abgegrenzt","abgebrochen","abbruch","mimikama","saubere","bleibe","rundfunkanstalt","landet","link","facebookseite","bereits","markt","geschrieben","bildbearbeitungsprogramm","immer","ersten","anstehende","mehr","mutmasslich","schriftzug","geprueft","veroeffentlicht","eisbaeren","traegt","sharepic","plakat","fake","angebliche","vergeblich","namens","sprecher","collage","rubrik","shops","suche","costa","offiziellen","frei","essen","europawahl","vermeintliche","grillen","senft","kursieren","beitraegen","beklebt","leaks","blauem","faz","googlesuche","anerkannt","schild","fall","nutzer","deichmann","gefaelscht","preisschild","melden","bilderrueckwaertssuche","nutzerinnen","beitrag","noz","abgefangen"
"74","abgegebenen",NA,"abgefragt","abbag",NA,NA,"abfotografierte","abe","abgehalten","abgedeckt","abbrueche","moechten","schokolade","blick","rundfunks","lkwfahrer","angegeben","meldung","abgeschnitten","plakaten","werbung","buchstaben","stammt","bekannt","aufgetaucht","demnach","heisst","schuhe","per","deutschland","falschmeldung","juni","zusammenhaengen","recruitment","erfunden","westfaelischen","veroeffentlichen","stellte","angeblich","darunter","angebliche","verkaufen","treffer","echtheit","facebook","jedoch","inhalt","gefaelschtes","handelt","gruenensprecher","titanic","jeweils","aktionen","dubiosen","merkmale","filiale","stand","media","findet","richtige","erkennt","bildzeitung","dubiosen","gruenen","satireseite","faz","gefaelschten","weissen","ag","serioes","abgefeuert"
"75","abgeglichen",NA,"abgefuehrt","abbau",NA,NA,"abfotografierten","abel","abgeholt","abgedruckt","abc","moege","schokoladenmarke","bloss","satiremagazin","medium","schon","urspruenglich","afdpolitikers","private","geschichte","contra","fast","facebook","aufschluss","about","logo","twitteraccount","internetseite","angebot","sic","schon","manipulation","satire","kommentaren","marke","vorschau","artikel","vielen","sharepic","angeblich","wahlplakate","bewertung","erregen","daten","stehen","ruediger","gegendert","kandidatin","inhalt","twitter","seit","eingefuegt","edeka","missbraeuchlich","gefaelschten","muessen","angeblich","schon","wer","oft","dubiosen","genutzte","warnen","schlagzeile","faelschungen","fake","eigene","angebot","stamme","abgefilmten"
"76","abgegrenzt",NA,"abgegeben","abbauen",NA,NA,"abfotografierter","abend","abgeholzt","abgefangen","abdecken","onlineshop","schreiben","bundestagswahlkampf","schlagworten","mueller","davor","handelt","angehoben","produkt","kuenftig","deutschlandfunk","deutschland","beitrag","auseinandergesetzt","account","sollen","angegeben","link","elektroroller","maps","artikel","aktivisten","standort","schild","zeichen","warnapp","ntv","fanden","beispiel","geschrieben","wem","googlesuche","faelschungen","website","netzwerken","ecke","gelaendewagen","nachrichtenseite","kappler","genannt","seiten","fuehrungspositionen","emailadresse","netzwerke","gewerblich","namen","falschen","lesen","faktenchecks","anerkannt","eingerichtet","gewerblich","nazis","teilnahmebedingungen","aktion","gefaelscht","teilen","bbk","timm","abgefiltert"
"77","abgehalten",NA,"abgegebene","abbauprodukt",NA,NA,"abfrage","abendblatt","abgeklaert","abgefeuert","abdeckung","osterfest","schritte","christliche","schlechte","name","informationen","deutschen","anmerkung","reaktionen","anzeige","electric","mal","nutzer","authentischen","afdpolitikerin","angebliche","verschiedenen","fragen","escooter","post","presseagentur","erschien","stellenanzeige","diverse","fliessend","weder","fehler","sehen","deutschen","account","ueberschrift","klar","fakes","links","firma","bilderrueckwaertssuche","grillverbot","bauen","satireseite","finden","richtig","inhalten","enten","postillon","jorge","erst","edeka","eigene","eauto","verkauft","follower","gewinnspielangeboten","genutzte","verlost","unternehmens","ueberschrift","millionen","citizens","weiterzugeben","abgefragt"
"78","abgeholt",NA,"abgegebenen","abbild",NA,NA,"abfragen","abendlichen","abgekuerzt","abgefilmten","abdruck","problem","selben","computer","schock","netzwerken","derzeit","fehler","anschluss","schweinefleisch","buergersteig","fna","darauf","maerz","beitraegen","airlines","martin","beitraege","news","fragen","eher","selben","pfoten","sticker","sic","leicht","facebookpost","falschen","ersten","angebliche","cdu","verwendet","vermeintliche","gewinner","steht","erkennen","vorlage","kombination","spdpolitiker","zulassungsbedingungen","abgebildet","heisst","logo","gewinnspielangeboten","satire","missbraeuchlich","spiegel","emailadresse","zeichen","eigene","falschen","hochbahn","kampagne","meldung","warnen","nachbarn","nachricht","angeblich","follower","immer","abgefuehrt"
"79","abgeholzt",NA,"abgeglichen","abbilden",NA,NA,"abgabe","abends","abgelassen","abgefiltert","abdruecke","prompt","socialmediakanaelen","dadurch","sender","prominenten","wegen","news","appelliert","schwierig","schwarz","geben","zeigt","mal","bestattungskosten","altes","gruene","angeboten","erst","impressum","netz","berichteten","links","wirklich","nutzern","polnisch","facebook","text","fast","kursiert","offenbar","facebookprofil","name","gewinnspiel","verbreitete","januar","filiale","originalfoto","kampagne","version","betreiber","kursiert","schildes","gruenenkanzlerkandidatin","startseite","seitentransparenz","angaben","ewig","webseite","offizielle","gesetz","layout","kommentieren","angebliches","weiterzugeben","verbreitet","seiten","liefert","lauterbach","beitrag","abgegeben"
"80","abgeklaert",NA,"abgegrenzt","abbildet",NA,NA,"abgaben","abendzeitung","abgelaufen","abgefragt","abe","reagierte","sorgt","eigene","sic","redaktionellen","beitrag","angaben","ardfaktenfinder","selber","betrieben","geschrieben","dezember","faktencheck","bleiben","angebliches","fall","unteren","findet","logo","facebooknutzer","deutschen","pressesprecher","nie","fragen","angeblich","heute","hintergrund","deutschen","tagen","acht","gefaelschte","wer","gruenewald","stand","tweet","nutzer","plakat","stammt","darauf","jens","eigene","offenbar","gruenermist","trademark","einfach","eigene","faelschungen","zaehlt","weissen","blick","redefreiheit","kontaktmoeglichkeiten","weder","you","echte","twitter","bilder","missbraeuchlich","satireseite","abgegebene"
"81","abgekuerzt",NA,"abgehalten","abbildung",NA,NA,"abgeaendert","aberkannt","abgelaufene","abgefuehrt","abel","recherchierte","spende","eingefuegt","sprecherin","saengerin","angeblich","bekommt","auftaucht","sportwagen","bilderrueckwaertssuche","gruesse","gibt","unsere","danke","anton","mimikama","hamburger","schreibt","mimikamaat","webseiten","fuehrt","fake","weber","gesperrt","darauf","datum","httpswwwfacebookcomphotophpfbidampsetatypetheater","weder","user","verwendet","unserioes","neben","industrie","text","abgebildet","sucht","seitlich","haustieren","angezeigt","wdr","offenbar","zeigt","haltestelle","twitteraccount","steht","gefaelschten","frankwalter","frei","blick","lesen","satire","postadresse","steht","hingegen","inhalte","user","offizielle","stille","artikel","abgegebenen"
"82","abgelassen",NA,"abgeholt","abbildungen",NA,NA,"abgebaut","aberle","abgelegt","abgegeben","abend","schnell","teilnahmebedingungen","einzige","springt","schauspieler","titel","michael","ausgedachten","staendig","gefordert","grundschulen","wurde","abfotografierten","davor","aufgeflogen","michael","rassismus","handelt","mimikamafaktencheck","oesterreichischen","verbreitet","begrenzten","bekannt","namen","suche","offiziellen","zeigt","darauf","genutzt","zeigt","kunden","heisst","koelner","kursiert","angebracht","datum","spielplatz","tierhaltung","hinterbliebene","aussehen","uhr","frei","hasskriminalitaet","weiterzugeben","namen","nontschew","gefaelschten","falschen","offenbar","hinweis","sibel","schilder","kuerzlich","nutzerinnen","verkauft","wer","netz","werbeanzeigen","osnabruecker","abgeglichen"
"83","abgelaufen",NA,"abgeholzt","abbinder",NA,NA,"abgeben","abermals","abgelehnt","abgegebene","abendblatt","schwachsinn","unternehmens","empoerung","titanic","schumacher","geteilt","tage","auto","vermeintliche","geld","gutschein","correctiv","abschnitt","dementieren","aufschrift","namen","satire","lautet","rubrik","bilder","ebenfalls","bewertung","erika","httpswwwfacebookcomphotophpfbidampsetatypetheater","googlesuche","betruegerische","whatsapp","bereits","immer","facebookpost","erfunden","gut","kurzem","angeblich","betrugsmasche","verbreitet","verpackungen","bewegungsprofile","archivierte","tuerkischen","sozialen","internet","illustration","weder","originalfoto","pennyfacebookseite","genutzte","erfunden","oft","fake","bildartikel","verbraucherschuetzer","tweets","fotos","eigene","euro","polizei","oft","silvester","abgegrenzt"
"84","abgelaufene",NA,"abgeklaert","abbott",NA,NA,"abgebildet","abes","abgelehnte","abgegebenen","abendlichen","screenshots","verantwortliche","entsprechend","treffer","setzte","beim","unternehmen","autoindustrie","ware","ergibt","heizen","mehr","adresse","donauwoerth","auftaucht","wort","oeamtc","sozialen","eingefuegt","heisst","findet","angegeben","falschen","internetseite","erkennen","aufgebaut","teilt","veroeffentlicht","damals","muessen","beispielsweise","post","registrieren","adresse","content","linke","namen","sozialen","logo","autos","unternehmen","kampagne","satireaccount","fotos","verpackungslasche","pennylogo","gewerblich","adele","findet","einzige","chefredakteur","verifiziert","hingegen","erschienen","haken","namen","davor","nachrichten","ecke","abgehalten"
"85","abgelegt",NA,"abgekuerzt","abbrechen",NA,NA,"abgebildete","abfaelle","abgeleitet","abgeglichen","abends","seiten","verlieren","erkennt","tun","spende","april","montag","autoschluessel","wieso","geboren","helligkeit","abfotografiert","aldi","eigene","ausgibt","link","jens","fast","twitter","verwendet","stand","zeigt","morddrohungen","google","wurde","facebookbeitrag","blog","eigenen","facebookpost","google","seiten","niemand","schlagzeile","anal","discounters","verkauft","etikett","spiegel","website","namen","aenderten","hingegen","satireseite","presseagentur","sehen","verifikationsabzeichen","kontaktmoeglichkeiten","gewinnen","verwendet","stand","bezeichnung","immer","erkennt","sonstige","meldung","arno","beitraege","post","sollen","abgeholt"
"86","abgelehnt",NA,"abgelassen","abbrennen",NA,NA,"abgebildeten","abfaellt","abgelenkt","abgegrenzt","abendzeitung","seltsam","verschickt","ernst","umgehend","supermarkt","wurde","laut","bearbeitet","zwei","neben","hotel","abgebildet","angebracht","eingerichtet","betrieben","bildde","allgoewer","twitter","hinweis","schon","sieht","tweets","facebookpost","screenshot","sozialen","pressestelle","fotos","zudem","vermeintliche","entsprechenden","deutschen","hinweis","tradition","archivversion","dunkleren","geld","urheber","echt","aktuell","profil","angebot","gesperrt","seiten","seiten","anerkannt","angebliches","layout","kapseln","kursiert","bedeutet","steht","dabei","polizei","amazon","qrcode","facebookseiten","gewinnspielangeboten","echten","netzwerken","abgeholzt"
"87","abgelehnte",NA,"abgelaufen","abbruch",NA,NA,"abgebrochen","abfall","abgelesen","abgehalten","aberkannt","sieht","versionen","erschien","verlaesst","teilen","steht","aufgetaucht","beitraege","kaufen","bilder","impressum","allesamt","april","eingetragen","bildunterschrift","dafuer","zeichen","mal","aufruf","deutsch","spaeter","weissen","faelschung","fotos","finden","verschickt","screenshot","jahr","text","bewertung","jedoch","facebook","wahlplakat","aufgehaengt","eingerichtet","co","bilderrueckwaertssuche","netzwerken","gesundheitsminister","bekannt","anteilnahme","steht","triell","nummer","zeitung","oft","light","rechtschreibfehler","beitrag","abonnenten","website","erschienen","wer","nachtraeglich","telefonnummer","filiale","gezielte","fall","fehlt","abgeklaert"
"88","abgeleitet",NA,"abgelaufene","abbrueche",NA,NA,"abgedeckt","abflug","abgenommen","abgeholt","aberle","sorgt","warb","ersetzt","verlinkungen","teilnahme","blog","echt","bekannter","plaetze","fanden","klammrothberger","alternative","aufgabe","entsprechender","blonden","geteilt","neues","immer","inhalt","ueberschrift","steht","webseiten","homepage","schon","warnung","aktionen","fuehrt","beispielsweise","archiviert","vermeintlichen","link","schreiben","wahlplakate","designs","facebookseite","tweets","kommentar","gefordert","oft","datum","bpb","lesen","verkauft","aufschrift","lebensmittel","echten","ntv","verifikationsabzeichen","euro","eingerichtet","buchstaben","webseiten","stand","weder","unserioes","filialen","klimaaktivisten","seiten","sender","abgekuerzt"
"89","abgelenkt",NA,"abgelegt","abc",NA,NA,"abgedruckt","abfolge","abgeordnete","abgeholzt","abermals","text","weitergeleitet","fakten","vernachlaessigt","themen","personen","halle","bekannteste","alternative","arbeitet","kommenden","angeben","aufgegeben","ergaenzten","designs","besteht","seiten","viele","uwe","zeigt","angeblich","vermeintlich","wdrmitarbeiter","berichteten","aktuell","fake","steht","heisst","vorhanden","deutsche","genutzte","medien","falschen","eingebettet","gewinnen","internetseite","achten","gruene","politikerin","pressestelle","charakter","fotomontage","weiterzugeben","spandau","sozialen","darauf","pennylogo","besteht","nutzer","genutzte","ueberschrift","weissen","bewusste","webseite","internetseite","genutzte","nutzerin","unseren","uhr","abgelassen"
"90","abgelesen",NA,"abgelehnt","abdecken",NA,NA,"abgefangen","abfotografiert","abgeordneten","abgeklaert","abes","traegt","wirbt","gesammelt","voelliger","verantwortlichen","juli","saenger","bekommt","fotomontage","seite","kommentare","angebot","aufgeteilt","erkannt","deutsch","aufnaeher","profil","fuehrt","firmen","meldung","aktuellem","teilte","lebensmittel","artikels","sprechen","faktenpruefer","wurden","ausserdem","wurde","dpa","dafuer","gehoert","november","erbsubstanz","gewinnspiel","erschienen","autofahren","telefon","twitter","facebookbeitrag","eigener","kommentare","zentralstelle","geraete","plakat","account","postadresse","geprueft","hinweis","kontaktmoeglichkeiten","falschen","filiale","eingerichtet","erhoben","sozialen","gewerblich","persoenliche","erst","sehen","abgelaufen"
"91","abgenommen",NA,"abgelehnte","abdeckung",NA,NA,"abgefeuert","abfotografierte","abgeordnetenentschaedigung","abgekuerzt","abfaelle","tueten","zivilen","geschieht","volker","vermeintlicher","erklaerte","etwa","benzinpreises","facebooknutzerin","per","kontrast","angeboten","aufschrift","erstellt","direkte","neben","eigener","darauf","anbieter","fakten","altmaier","google","verbreitet","geteilt","internet","erhaelt","weitere","allesamt","artikel","post","muessen","text","unternehmen","gekauft","glueck","geschaeftsfuehrer","erstes","artikel","offenbar","dpa","facebookseiten","nachricht","persoenliche","dahinter","fuehrt","geprueft","sonstige","handelt","suche","postadresse","verkauft","jordan","emailadresse","logo","fotos","gewinnspielen","postadresse","fake","lesen","abgelaufene"
"92","abgeordnete",NA,"abgeleitet","abdruck",NA,NA,"abgefilmten","abfotografierten","abgeordnetenhaus","abgelassen","abfaellt","twitter","zugehoerige","gewaehlte","wiedergefunden","wahrscheinlich","°c","gleich","berichteten","mieter","heimat","kuendigt","artikelueberschrift","ausnahme","europawahl","disclaimer","ueberschrift","textes","mehrere","fehlt","stammt","app","entnehmen","zeigt","tag","facebookbeitrag","internetseiten","mehreren","alte","twitter","artikels","facebookseite","artikel","gefaelschten","hashtag","idee","wies","unbekannten","geschrieben","gruene","bundestagswahl","geklaut","faktenchecker","davor","entfuehrungen","lesen","inhalt","weiterzugeben","tun","blauem","satire","fehlt","geprueft","steckdosen","gibt","wer","haekchen","warnen","telefon","senders","abgelegt"
"93","abgeordneten",NA,"abgelenkt","abdruecke",NA,NA,"abgefiltert","abfotografierter","abgeordnetenhauses","abgelaufen","abfall","ueberschreitet","aussehende","glasflaschen","fuehren","wussten","µm","immer","beschluss","faktenchecker","falschmeldung","ministerium","ass","autors","facebooknutzer","diskriminierung","fordern","tag","abgebildet","kontaktiert","findet","bitcoin","muesse","handelt","seit","folge","service","angeblichen","anbietet","zdf","verbreiten","lautet","lesen","angeblich","identische","impressum","entfernt","genutzte","fuehrt","text","verbieten","genutzte","produkt","angeblich","porsche","echten","veroeffentlicht","zudem","artikels","fans","url","weissen","anzeige","verifiziert","name","nachrichtenseiten","hofreiter","weiterzugeben","wer","schreibweise","abgelehnt"
"94","abgeordnetenentschaedigung",NA,"abgelesen","abe",NA,NA,"abgefragt","abfrage","abgeordneter","abgelaufene","abflug","umbenannt","berichtete","glaubhaft","naemlich","zusatz","aachen","jemand","beschlusses","klar","kommentare","oesterreichischen","aufwand","beispielsweise","facebookseiten","dpafotografen","geprueft","seite","aprilscherz","friedrich","verlinkt","echtes","twitter","link","facebookpost","ebenso","bewertung","veroeffentlicht","anerkannt","beginnt","angegebenen","bilder","verwendet","hashtag","layout","koehler","zudem","inhalte","namen","falschen","vermeintlich","hashtag","googlesuche","redaktionsnetzwerk","wahlergebnisse","firma","gefaelscht","fuehrt","fast","genutzte","verbraucherschuetzer","nie","persoenliche","werke","beitraege","verbreitung","kontaktmoeglichkeiten","name","gibt","original","abgelehnte"
"95","abgeordnetenhaus",NA,"abgenommen","abel",NA,NA,"abgefuehrt","abfragen","abgeraten","abgelegt","abfolge","umbenennung","besagten","gmbh","webseiten","wurde","aan","stellt","bezahlbar","koeln","handelt","offiziellen","ausgestellten","beitraegen","fiktiven","durchfall","tag","oft","beitraegen","geteilt","aktuell","entdeckt","beitraege","gemeint","correctiv","gibt","soziale","facebookbeitrag","anmelden","betreiber","anziehen","website","archiviert","reichweite","mannheimer","konsequenz","genommen","unten","ausser","vermeintlichen","spahn","heinrichboellstiftung","kommentiert","rechne","finden","gesetz","sharepic","vermeintliche","beginnt","haken","kleinen","vermeintliche","warnen","zusatz","darauf","erkennt","postadresse","auffaellig","energiekrise","findet","abgeleitet"
"96","abgeordnetenhauses",NA,"abgeordnete","abend",NA,NA,"abgegeben","abgabe","abgerechnet","abgelehnt","abfotografiert","untersuchen","eingeleitet","google","bildes","ausser","aap","behauptet","billig","leaks","heisst","petra","beatrix","beschwert","firma","echt","zurueck","erkennen","bitte","gibt","text","enttarnt","grund","wahrheit","medien","fall","artikeln","angegeben","anonym","bittet","are","darauf","jedoch","facebookaccount","motiv","laden","hingegen","spezielle","twitter","wort","erkennbar","interaktionen","geteilt","abgesetzt","aktuell","meldung","artikel","wer","stand","nachrichtenartikel","grund","beitraege","echt","immer","zeigt","volkswagen","rtl","genutzte","amberg","firma","abgelenkt"
"97","abgeordneter",NA,"abgeordneten","abendblatt",NA,NA,"abgegebene","abgaben","abgeriegelt","abgelehnte","abfotografierte","url","momentan","grossem","inhaltlich","betreiber","aargauer","foto","bleibe","angebliche","teil","schreibens","beitraege","bestandteil","for","echtes","fuehren","sammeln","buzzfeed","oliver","wurden","fna","post","alte","netz","twitter","namen","tag","anonymisierte","charakter","aufmachung","nutzer","berlin","sammeln","persoenlichen","satirische","finden","zeigen","fotos","angegeben","whatsapp","kontroversen","webseite","inhalt","online","verwendet","sollen","erkennbar","flyer","pferde","muessen","hingegen","verkauft","gibt","echte","hinweise","unserioes","hinweise","angegebene","weder","abgelesen"
"98","abgeraten",NA,"abgeordnetenentschaedigung","abendlichen",NA,NA,"abgegebenen","abgeaendert","abgerufen","abgeleitet","abfotografierten","verkaufen","nachricht","gruenenparteitag","kommentare","blick","ab","paar","briefkaesten","deutschland","gepostet","sichtbar","beleidigende","besteht","format","eher","august","zeigt","ebike","ii","abfrage","gefaelscht","facebooknutzer","tweet","agentur","offenbar","angekuendigt","sehen","aufmachung","dame","bittet","angeblich","aufgesetzt","nachricht","raender","zuericher","fotos","wirtschaft","faktenchecker","unseren","medien","kopien","original","warnen","fenster","erschienen","angeblich","muessen","beitrag","profilbild","handelt","screenshots","geteilt","design","baerbock","blick","weiterzugeben","erschienen","brauerei","netzwerk","abgenommen"
"99","abgerechnet",NA,"abgeordnetenhaus","abends",NA,NA,"abgeglichen","abgebaut","abgesagt","abgelenkt","abfotografierter","verkauft","sprecherin","hervorrufen","meist","faellen","abalo","veroeffentlichte","cdupolitiker","schnell","weniger","sitz","benoetigten","bildes","fotografiert","eingefuegt","seit","findet","eilmeldung","beitraege","account","geworben","verschiedenen","website","aldi","faktenchecker","ausschnitt","schon","ausnahmesituation","demzufolge","bremen","blog","auge","guten","schlechtem","bezug","schnell","unteren","links","bestaetigte","presseagentur","luisa","cdu","steht","steckt","erscheint","adresse","einzige","weissen","schnell","echte","davor","tweet","seferens","ebikes","angeboten","enthaelt","kleinen","dressel","namen","abgeordnete"
"100","abgeriegelt",NA,"abgeordnetenhauses","abendzeitung",NA,NA,"abgegrenzt","abgeben","abgeschaetzt","abgelesen","abfrage","vermuteten","verbreiter","hintergrund","februar","redaktion","abbag","erklaerte","dahinter","netzwerken","weissen","verbot","bettina","bitte","frank","entnehmen","denen","juli","enthaelt","nahezu","agentur","hiermit","fanden","kleinen","angeboten","zeigt","suche","medien","bildbeitrag","duisburg","echten","beschreibung","bare","nutzerinnen","shops","schreiben","immer","nachtraeglich","finden","vermeintliche","verbreitet","macher","faktencheck","cdupolitiker","persoenliche","screenshot","entfuehrung","frei","twitter","serioes","accounts","echtes","stammt","archiviert","fertig","weder","artikel","gesetz","emailadresse","zeitung","abgeordneten"
